{"validation_loss":0.033760850476865355,"_runtime":116.98476762,"_timestamp":1.7415753490140188e+09,"test_accuracy":0.8671468587434974,"_step":55,"_wandb":{"runtime":117},"train_accuracy":0.8919179198459145,"conf_mat_table":{"path":"media/table/conf_mat_table_55_f55c401e0868835200c3.table.json","ncols":3,"nrows":100,"_type":"table-file","sha256":"f55c401e0868835200c3ec29edf004e0ced8268861968af70bf80df8d75f3977","size":3171,"artifact_path":"wandb-client-artifact://s8q1j8dzpxrcgs3hg5aruyh7paevn82jl3k1ebyjb0g3hxeaf48hddie8aoz0cn5mr0g2w3jgcxoiem8sg2i7njazwvjc54p8ltl2akn0a2ggvtrvl8mjsyjuetns4gs/conf_mat_table.table.json","_latest_artifact_path":"wandb-client-artifact://m99lxc20vvavsyhczoqljxk1tmqabm4eikvavqjmsh8awggtaydcq0ath2t9wysyy41hotzx3oe65vxkmpe6bu3kl6fl3goa7vnnkouid089m5hcv44sdlfjuxhkndr3:latest/conf_mat_table.table.json"},"test_loss":0.037111032873527655,"train_loss":0.029210935061486153,"validation_accuracy":0.8789192795196797}