{"validation_accuracy":0.9342730978260869,"_runtime":61.918175631,"test_accuracy":0.9303427419354838,"_step":199,"_wandb":{"runtime":61},"train_loss":0.02693414504400025,"validation_loss":0.02606621324087911,"_timestamp":1.7415777912240214e+09,"train_accuracy":0.9228399643705463,"conf_mat_table":{"path":"media/table/conf_mat_table_199_4ae5718efa90b6905ffb.table.json","ncols":3,"nrows":100,"_type":"table-file","sha256":"4ae5718efa90b6905ffb89218fecde9bcd6c41bc7efc7b589a6f4d3f29c20085","size":3175,"artifact_path":"wandb-client-artifact://agzeim7qqq5fagxwu2md8g6uzkp44r757lx31zdieogrvb5qtxa25bp3v6bn4emu3vxvldh011x6jy92hdzg1n2dgkcurdv8aqf8jq36v3t5230f24ayyew06lwja2qr/conf_mat_table.table.json","_latest_artifact_path":"wandb-client-artifact://yxzqhg9kii5mi265oij2nokzxhc66lnnqjs8xk3bbago892p3s8wrcbd9sgejzixst01xiyyrmftvrb7byhpre2y0jh5eaw6u0qw3vugx7pqipcvtdqulrfqwtm4ts0h:latest/conf_mat_table.table.json"},"test_loss":0.026221866725643785}