{"_step":119,"_wandb":{"runtime":72},"_timestamp":1.7415773819288054e+09,"train_loss":0.1806673099762472,"validation_accuracy":0.09561820652173914,"_runtime":71.003615145,"train_accuracy":0.09785109857482185,"conf_mat_table":{"ncols":3,"nrows":100,"_type":"table-file","sha256":"616a52df1dc76cf5f2e7450dbd43cbd2c30b597b9523c86231424c522a9ed151","size":3147,"artifact_path":"wandb-client-artifact://02u5ufalnmamfjep630l3k2hyl8ph5iznlnjemeqlzxamgajjjtqxqdrdgajwzkw9zpl18atbjwz2v6c5unjczhdd89cxwkuio6eprclenzpimrxgfga7edmql0q9rpa/conf_mat_table.table.json","_latest_artifact_path":"wandb-client-artifact://kve0yyiqdux20fb5ycok20vzasbjb7o0hn0x52i3z47bukm8o4k12hj10xr8ajq1ftmogl8fleie7ndtnafjbvpa7wg363tcup0dgfiff6ps6mrysfn9pkgc51veovyy:latest/conf_mat_table.table.json","path":"media/table/conf_mat_table_119_616a52df1dc76cf5f2e7.table.json"},"test_accuracy":0.09808467741935484,"test_loss":0.18167338709677422,"validation_loss":0.18305027173913044}