{"test_loss":0.008083343080589148,"train_loss":0.003890002032438376,"conf_mat_table":{"nrows":100,"_type":"table-file","sha256":"ec7dc0c96fbabc6c5000e3dd774114f30476714e78b5e32c57dbd37db4059972","size":3147,"artifact_path":"wandb-client-artifact://g4ztgwlttvz71emmmb4nzk0hcvhyudwhx217tbwkr0aavf7aep4hjvu185atgo9js8yn6but302xy08fzl99r1vhvcpir12imsg8ebjihji2xnkavj1y3ggb95pjqznw/conf_mat_table.table.json","_latest_artifact_path":"wandb-client-artifact://n2l2ncxi518lc9gkgirlu8zogvqsyu5r0e8f3r0pm1ymu8eps46gdfbwjuofulk74leg7xdc97yfumjkcftmmlt159terv6dy32enw5emxjwyy8w1vkmq9df4q2do190:latest/conf_mat_table.table.json","path":"media/table/conf_mat_table_199_ec7dc0c96fbabc6c5000.table.json","ncols":3},"train_accuracy":0.9911111935866983,"_wandb":{"runtime":104},"_step":199,"test_accuracy":0.98125,"validation_loss":0.008761893992960127,"_runtime":104.668638064,"_timestamp":1.741577545320988e+09,"validation_accuracy":0.9855638586956522}