{"_wandb":{"runtime":101},"_runtime":101.457401048,"_step":199,"validation_loss":0.03171551598199347,"train_loss":0.026092377784201797,"validation_accuracy":0.8948709239130435,"test_loss":0.03440781868535043,"conf_mat_table":{"path":"media/table/conf_mat_table_199_c56f48468ebe51c968be.table.json","ncols":3,"nrows":100,"_type":"table-file","sha256":"c56f48468ebe51c968beac77d3fbb66ccb91f6dfca5fe711261b523ea0d909ba","size":3172,"artifact_path":"wandb-client-artifact://7k9s9ibs6vd57mjoi6xh06cvtlr0j7rysxsmwq94e5svu6z2uw7a71k5ldnojl0w17anz80zf7zf1dkk7vq8qiu7823iw3j7csp1oraa8vsfmbndkgj4c97c3xj58tld/conf_mat_table.table.json","_latest_artifact_path":"wandb-client-artifact://a0za2b179o0tl783eyodsn1bhmepctz5qp2oezu6r5x0jezgp5t974fq5vv6fcmafbrpesar6vlf2y0t6ulmwox2k7olqeee31uw5n3rp8mmb0x3ixjlgh9na6lwx59m:latest/conf_mat_table.table.json"},"train_accuracy":0.906082986935867,"test_accuracy":0.883366935483871,"_timestamp":1.741575482970699e+09}