{"_runtime":84.352285817,"conf_mat_table":{"sha256":"8e8c7e3704bd5a98013e99cb0c2a52b1b724066691f00bfc305e5e5074c8afc9","size":3143,"artifact_path":"wandb-client-artifact://hyybh471itx0u11aznxees4530nktmbp2rh1360t3b2c3bx4tqnzuetcxcxs8h57jgf161k6u0kn7ir4u9qqtq3m9ncjdb0rfk9a0xvrhidto22a9a4xghqodwb1cm88/conf_mat_table.table.json","_latest_artifact_path":"wandb-client-artifact://thlwr5fzjm17dtrqj5rtc6mqy050g2yd354bpyf3t0v9kji3xwcyf18rfobtxrz2vc2fn1u9svv7n1fxf5eeyphxt7vu3ykd2gbl3e4y9ro1pw4jmt1k1h51ji8jhdgi:latest/conf_mat_table.table.json","path":"media/table/conf_mat_table_199_8e8c7e3704bd5a98013e.table.json","ncols":3,"nrows":100,"_type":"table-file"},"test_accuracy":0.10070564516129032,"validation_loss":0.18216711956521742,"validation_accuracy":0.10003396739130435,"_wandb":{"runtime":84},"train_accuracy":0.10018928147268409,"test_loss":0.1811491935483871,"_timestamp":1.7415756435323856e+09,"_step":199,"train_loss":0.18019967339667461}