{"train_accuracy":0.9066025831353919,"_runtime":96.906883204,"validation_accuracy":0.8901154891304348,"_timestamp":1.7421060337944238e+09,"validation_loss":0.032838014285246575,"_step":199,"_wandb":{"runtime":96},"test_loss":0.034874583686087327,"test_accuracy":0.8831653225806452,"train_loss":0.025922270704562368,"conf_mat_table":{"nrows":100,"_type":"table-file","sha256":"41123031b19636eae5c74b6d5762f383ad6ee2a859507b9e7bca7dbf02a402f0","size":3170,"artifact_path":"wandb-client-artifact://z2r7z0gkwg9349j37vvozxqdutzmjjvpv7n8sg4u1t7qlocy08r5oy1mhzrmte74e3snt7ssn2q30lxnjmhfkii5w25qrzgfw7d4f7zoxfr7tgnstelkw1j828lio09k/conf_mat_table.table.json","_latest_artifact_path":"wandb-client-artifact://8skc9k8c8cbhh4benwlxigklezqzxnlyslw0dswqtdpklffq0slcmm4wf1hcjihq5czgv7lbg4fu74r7n2k6tzpzaotm148cauognmqjz62vr0lttjn7jpp9tag2nc70:latest/conf_mat_table.table.json","path":"media/table/conf_mat_table_199_41123031b19636eae5c7.table.json","ncols":3}}