{"test_accuracy":0.8783266129032258,"_timestamp":1.7421061755813184e+09,"_runtime":85.335616109,"train_loss":0.015640116473915347,"train_accuracy":0.8971756235154394,"_step":199,"validation_accuracy":0.8860394021739131,"test_loss":0.01883881202715331,"validation_loss":0.017846141236512073,"conf_mat_table":{"artifact_path":"wandb-client-artifact://6g58nv7f62jllsrelfcnep4chlgk6hxdrqr0y9kraq2t2qf3ti2peh7e9k7wls0fotynhgphjpkowtidp08wzp6m0b5yemp0lrsfd85rffpb6vnehdg9f15ygs63jgad/conf_mat_table.table.json","_latest_artifact_path":"wandb-client-artifact://pwfi7kqqxa7hrkqb9fa8pb56ccjnuv830rkezw596jv29ludlb6xa8yiyw536jevbds91lk8dxdkomvjcvo748h3ycai7apdh1ddc29ypiie7bu4d135b2telv6lmgp5:latest/conf_mat_table.table.json","path":"media/table/conf_mat_table_199_86ca9dd0fee183b95929.table.json","ncols":3,"nrows":100,"_type":"table-file","sha256":"86ca9dd0fee183b95929081b792e2d06d99bc3b2e28e889fec69b5e3ad2e9066","size":3172},"_wandb":{"runtime":85}}