{"train_loss":0.006670581348810884,"validation_accuracy":0.9868055555555556,"test_loss":0.010243571050915758,"test_accuracy":0.979301948051948,"_wandb":{"runtime":54},"_runtime":54.378173542,"train_accuracy":0.9838727678571428,"_timestamp":1.74157764376861e+09,"conf_mat_table":{"path":"media/table/conf_mat_table_199_320ab9875296ccc3d6b3.table.json","ncols":3,"nrows":100,"_type":"table-file","sha256":"320ab9875296ccc3d6b3473e85c290bd857254c39fe98a656f72464e7e081586","size":3149,"artifact_path":"wandb-client-artifact://gun8c4fdit2iseri81uyp1zz5xdd8e475kfr8ros2sqq5q78mpxad6r0b4vbdzx7ni9rzc5ddv264fyw4380d3cmjyevp4xrbyeg0fdrkhn4kuuo7mvo4xwowvazb3z5/conf_mat_table.table.json","_latest_artifact_path":"wandb-client-artifact://poewh7g75gx1n9k4tx531706bmuz7jbcc2lh683ugc9dggppw5g3kft39tf2vxeaabbm2xumatqg2trkhrqr6zbs9l3djjype8kkf5qg4wseb8m3pbawxwzdv4rb10hw:latest/conf_mat_table.table.json"},"_step":199,"validation_loss":0.01213494555155473}