{"validation_loss":0.07491462853230373,"_timestamp":1.7415750034369032e+09,"_wandb":{"runtime":21},"_step":79,"test_loss":0.07592823874674098,"_runtime":21.152833637,"train_loss":0.0730957074574283,"validation_accuracy":0.6896264176117411,"conf_mat_table":{"sha256":"d42d5ddfe32f5408c24399c2757ddcb89b83418b2e14e091c3ca08176477e85b","size":3171,"artifact_path":"wandb-client-artifact://k6oduibcm4tiwmn1d1lfs0r4lijy87bg7n63etvxmbd03f9hagzwoc7gjnirb3haztv2j93f5hda61siqhiv41ur2nfuayfkq1wzful7w4gpuip1ylk4clrhpujl6csl/conf_mat_table.table.json","_latest_artifact_path":"wandb-client-artifact://fgqpo1inpnets5eknai9sea9ism979mambuorx4lqxnnewjom9jnq5m29rlnatlbx97pc1k3gc4cny400evrwh3y84ll4h6lf0f1gtd2emf99hanb3yz41y7dbcfetg4:latest/conf_mat_table.table.json","path":"media/table/conf_mat_table_79_d42d5ddfe32f5408c243.table.json","ncols":3,"nrows":100,"_type":"table-file"},"test_accuracy":0.6880752300920369,"train_accuracy":0.6954589228831766}